{
  "ALUMINIZED": {
    "11": 1.746,
    "18": 0.713
  },
  "ALUMINUM": {
    "12": 4.452,
    "13": 3.827,
    "14": 3.202,
    "16": 2.577,
    "18": 2.077,
    "20": 1.577,
    "22": 1.327,
    "24": 1.077,
    "26": 0.827
  },
  "GALV/JK/BOND": {
    "10": 5.78125,
    "11": 5.15625,
    "12": 4.53125,
    "13": 3.90625,
    "14": 3.28125,
    "15": 2.96875,
    "16": 2.65625,
    "17": 2.40625,
    "18": 2.15625,
    "19": 1.90625,
    "20": 1.65625,
    "22": 1.40625,
    "23": 1.28125,
    "24": 1.15625,
    "25": 1.03125,
    "26": 0.90625,
    "28": 0.78125,
    "30": 0.65625,
    "8": 7.031,
    "9": 6.25
  },
  "HOT ROLLED PLATE": {
    "1": 40.84,
    "1-1/2": 61.26,
    "1-1/4": 51.05,
    "1-3/4": 71.47,
    "1-3/8": 56.1,
    "1/2": 20.4192,
    "1/4": 10.21,
    "11/32": 13.476672,
    "13/16": 33.17,
    "15/32": 18.867341,
    "2": 81.68,
    "2-1/2": 102.1,
    "23/64": 14.29344,
    "29/64": 18.581472,
    "3": 122.52,
    "3/16": 7.66,
    "3/4": 30.63,
    "3/8": 15.31,
    "5/16": 12.76,
    "5/8": 25.52,
    "7/16": 17.87,
    "7/8": 35.73,
    "9/16": 22.97,
    "9/32": 11.924813
  },
  "HR FLOOR PLATE": {
    "1/2": 21.47,
    "1/4": 11.26,
    "1/8": 6.16,
    "12": 5.25,
    "14": 3.75,
    "3/16": 8.71,
    "3/4": 31.68,
    "3/8": 16.37,
    "5/16": 13.81
  },
  "HR/HRPO/CR": {
    "10": 5.625,
    "11": 5.0,
    "12": 4.375,
    "13": 3.75,
    "14": 3.125,
    "15": 2.8125,
    "16": 2.5,
    "17": 2.25,
    "18": 2.0,
    "19": 1.75,
    "20": 1.5,
    "22": 1.25,
    "24": 1.0,
    "25": 0.875,
    "26": 0.75,
    "28": 0.625,
    "30": 0.5,
    "4": 9.375,
    "5": 8.75,
    "7": 7.5,
    "8": 6.875,
    "9": 6.25
  },
  "STAINLESS": {
    "12": 4.427,
    "14": 3.154,
    "16": 2.499,
    "18": 2.016
  }
}